problem,algorithm,noise_pct,trial,igd
ZDT2,Traditional_NEHVI,5,0,0.8045245624339118
ZDT2,Traditional_NEHVI,5,1,1.0491310649984757
ZDT2,Traditional_NEHVI,5,2,0.8835133898576536
ZDT2,Traditional_NEHVI,5,3,1.116318844779252
ZDT2,Traditional_NEHVI,5,4,0.747189113475017
ZDT2,Traditional_NEHVI,5,5,1.1553944478679774
ZDT2,Traditional_NEHVI,5,6,0.6903517985094801
ZDT2,Traditional_NEHVI,5,7,0.746286842633714
ZDT2,Traditional_NEHVI,5,8,0.7505215977724579
ZDT2,Traditional_NEHVI,5,9,1.1063275506348758
ZDT2,Traditional_NEHVI,1,0,0.6903673787609045
ZDT2,Traditional_NEHVI,1,1,0.9587643467471589
ZDT2,Traditional_NEHVI,1,2,0.8381794252904614
ZDT2,Traditional_NEHVI,1,3,0.8313329783202056
ZDT2,Traditional_NEHVI,1,4,0.7354618566058669
ZDT2,Traditional_NEHVI,1,5,0.2738702682253276
ZDT2,Traditional_NEHVI,1,6,0.6818027488028583
ZDT2,Traditional_NEHVI,1,7,0.8644314703186472
ZDT2,Traditional_NEHVI,1,8,0.771880621049971
ZDT2,Traditional_NEHVI,1,9,0.9770313085182053
ZDT2,Traditional_NEHVI,10,0,1.1099409187869853
ZDT2,Traditional_NEHVI,10,1,1.0420252590930128
ZDT2,Traditional_NEHVI,10,2,1.0264885598351021
ZDT2,Traditional_NEHVI,10,3,0.5103439033269747
ZDT2,Traditional_NEHVI,10,4,1.114978823951851
ZDT2,Traditional_NEHVI,10,5,0.596342052608315
ZDT2,Traditional_NEHVI,10,6,0.8146378984096518
ZDT2,Traditional_NEHVI,10,7,1.0652415851704085
ZDT2,Traditional_NEHVI,10,8,0.5323908418483646
ZDT2,Traditional_NEHVI,10,9,0.8029938608098263
ZDT2,Traditional_NEHVI,0,0,1.2636152381262127
ZDT2,Traditional_NEHVI,0,1,0.5085875128830409
ZDT2,Traditional_NEHVI,0,2,0.5135938777112244
ZDT2,Traditional_NEHVI,0,3,1.0710590162356122
ZDT2,Traditional_NEHVI,0,4,0.47259299421096274
ZDT2,Traditional_NEHVI,0,5,0.6812842009914877
ZDT2,Traditional_NEHVI,0,6,0.6903517985099663
ZDT2,Traditional_NEHVI,0,7,0.8634545368982319
ZDT2,Traditional_NEHVI,0,8,0.7763192049101537
ZDT2,Traditional_NEHVI,0,9,0.5965990499087614
ZDT2,Traditional_NEHVI,20,0,1.1428231371198276
ZDT2,Traditional_NEHVI,20,1,0.802583738713284
ZDT2,Traditional_NEHVI,20,2,0.8197906011952799
ZDT2,Traditional_NEHVI,20,3,1.2637101753765603
ZDT2,Traditional_NEHVI,20,4,0.9512830325855269
ZDT2,Traditional_NEHVI,20,5,0.6403585842817883
ZDT2,Traditional_NEHVI,20,6,0.8146378984096518
ZDT2,Traditional_NEHVI,20,7,1.164152089748469
ZDT2,Traditional_NEHVI,20,8,0.6538401981969102
ZDT2,Traditional_NEHVI,20,9,0.42052276457359117
ZDT2,EGBO,5,0,1.7510194978393716
ZDT2,EGBO,5,1,2.0943400906552285
ZDT2,EGBO,5,2,1.2163112935610731
ZDT2,EGBO,5,3,1.3957974661694414
ZDT2,EGBO,5,4,0.9518892442561109
ZDT2,EGBO,5,5,1.4412137126994118
ZDT2,EGBO,5,6,0.8146378984096518
ZDT2,EGBO,5,7,1.164152089748469
ZDT2,EGBO,5,8,0.7763192049101537
ZDT2,EGBO,5,9,1.333443103858443
ZDT2,EGBO,1,0,1.323928334397839
ZDT2,EGBO,1,1,2.0943400906552285
ZDT2,EGBO,1,2,1.2163112935610731
ZDT2,EGBO,1,3,1.6766134107012405
ZDT2,EGBO,1,4,1.4614945257805243
ZDT2,EGBO,1,5,1.4412137126994118
ZDT2,EGBO,1,6,0.8146378984096518
ZDT2,EGBO,1,7,1.164152089748469
ZDT2,EGBO,1,8,0.7763192049101537
ZDT2,EGBO,1,9,1.9211089735542604
ZDT2,EGBO,10,0,1.6808321310151608
ZDT2,EGBO,10,1,1.5421296099570145
ZDT2,EGBO,10,2,1.2163112935610731
ZDT2,EGBO,10,3,1.6766134107012405
ZDT2,EGBO,10,4,1.459973627549962
ZDT2,EGBO,10,5,1.3597015423488876
ZDT2,EGBO,10,6,0.8146378984096518
ZDT2,EGBO,10,7,1.164152089748469
ZDT2,EGBO,10,8,0.7763192049101537
ZDT2,EGBO,10,9,1.0087149876370516
ZDT2,EGBO,0,0,1.809340877742893
ZDT2,EGBO,0,1,2.0943400906552285
ZDT2,EGBO,0,2,1.2163112935610731
ZDT2,EGBO,0,3,1.5925201487993481
ZDT2,EGBO,0,4,1.4614945257805243
ZDT2,EGBO,0,5,1.4412137126994118
ZDT2,EGBO,0,6,0.8146378984096518
ZDT2,EGBO,0,7,1.164152089748469
ZDT2,EGBO,0,8,0.7763192049101537
ZDT2,EGBO,0,9,1.9211089735542604
ZDT2,EGBO,20,0,1.3569056231260879
ZDT2,EGBO,20,1,1.3094419327012066
ZDT2,EGBO,20,2,1.0584681435625476
ZDT2,EGBO,20,3,1.6766134107012405
ZDT2,EGBO,20,4,0.724882407718355
ZDT2,EGBO,20,5,1.4412137126994118
ZDT2,EGBO,20,6,0.8146378984096518
ZDT2,EGBO,20,7,0.922987784626622
ZDT2,EGBO,20,8,0.7667480502967775
ZDT2,EGBO,20,9,1.4851219681329446
ZDT2,NEHVI_SMS,5,0,1.809340877742893
ZDT2,NEHVI_SMS,5,1,1.7892673532057088
ZDT2,NEHVI_SMS,5,2,1.2163112935610731
ZDT2,NEHVI_SMS,5,3,1.6766134107012405
ZDT2,NEHVI_SMS,5,4,1.4614945257805243
ZDT2,NEHVI_SMS,1,0,1.809340877742893
ZDT2,NEHVI_SMS,1,1,2.0943400906552285
ZDT2,NEHVI_SMS,1,2,1.2163112935610731
ZDT2,NEHVI_SMS,1,3,1.3469955606397717
ZDT2,NEHVI_SMS,1,4,1.3829107502573172
ZDT2,NEHVI_SMS,10,0,1.6269000741174866
ZDT2,NEHVI_SMS,10,1,1.9374840018645434
ZDT2,NEHVI_SMS,10,2,1.2163112935610731
ZDT2,NEHVI_SMS,10,3,1.6766134107012405
ZDT2,NEHVI_SMS,10,4,1.130913035508286
ZDT2,NEHVI_SMS,0,0,1.744816741758756
ZDT2,NEHVI_SMS,0,1,2.0943400906552285
ZDT2,NEHVI_SMS,0,2,1.2163112935610731
ZDT2,NEHVI_SMS,0,3,1.6766134107012405
ZDT2,NEHVI_SMS,0,4,1.4614945257805243
ZDT2,NEHVI_SMS,20,0,1.7330074787898917
ZDT2,NEHVI_SMS,20,1,1.6864009402837918
ZDT2,NEHVI_SMS,20,2,1.1467628998527621
ZDT2,NEHVI_SMS,20,3,1.2515697630719291
ZDT2,NEHVI_SMS,20,4,1.0872716192310186
ZDT2,NEHVI_AGE2,5,0,1.809340877742893
ZDT2,NEHVI_AGE2,5,1,1.3829107502573172
ZDT2,NEHVI_AGE2,5,2,1.2163112935610731
ZDT2,NEHVI_AGE2,5,3,0.7227661043914737
ZDT2,NEHVI_AGE2,5,4,1.4614945257805243
ZDT2,NEHVI_AGE2,1,0,1.809340877742893
ZDT2,NEHVI_AGE2,1,1,2.0943400906552285
ZDT2,NEHVI_AGE2,1,2,1.2163112935610731
ZDT2,NEHVI_AGE2,1,3,1.3469955606397717
ZDT2,NEHVI_AGE2,1,4,1.4614945257805243
ZDT2,NEHVI_AGE2,10,0,1.809340877742893
ZDT2,NEHVI_AGE2,10,1,1.8273409106335905
ZDT2,NEHVI_AGE2,10,2,1.2163112935610731
ZDT2,NEHVI_AGE2,10,3,1.3469955606397717
ZDT2,NEHVI_AGE2,10,4,1.3829107502573172
ZDT2,NEHVI_AGE2,0,0,1.809340877742893
ZDT2,NEHVI_AGE2,0,1,1.3735901770187606
ZDT2,NEHVI_AGE2,0,2,1.2163112935610731
ZDT2,NEHVI_AGE2,0,3,1.6766134107012405
ZDT2,NEHVI_AGE2,0,4,1.4614945257805243
ZDT2,NEHVI_AGE2,20,0,1.7720410114192084
ZDT2,NEHVI_AGE2,20,1,0.6583695165147848
ZDT2,NEHVI_AGE2,20,2,1.2163112935610731
ZDT2,NEHVI_AGE2,20,3,1.6766134107012405
ZDT2,NEHVI_AGE2,20,4,0.8512401042466303
ZDT3,Traditional_NEHVI,5,0,0.0027059575843594577
ZDT3,Traditional_NEHVI,5,1,0.004087613542401706
ZDT3,Traditional_NEHVI,5,2,0.00273416941662505
ZDT3,Traditional_NEHVI,5,3,0.0033461191983802413
ZDT3,Traditional_NEHVI,5,4,0.003574411920545623
ZDT3,Traditional_NEHVI,5,5,0.003442962426187972
ZDT3,Traditional_NEHVI,5,6,0.002162414603322461
ZDT3,Traditional_NEHVI,5,7,0.005044026544107102
ZDT3,Traditional_NEHVI,5,8,0.005084551627297224
ZDT3,Traditional_NEHVI,5,9,0.0019825919108129274
ZDT3,Traditional_NEHVI,1,0,0.003588860270896502
ZDT3,Traditional_NEHVI,1,1,0.0021015035070615653
ZDT3,Traditional_NEHVI,1,2,0.0020255549580171276
ZDT3,Traditional_NEHVI,1,3,0.0015324336621470997
ZDT3,Traditional_NEHVI,1,4,0.0023916423109270756
ZDT3,Traditional_NEHVI,1,5,0.0022392867333659817
ZDT3,Traditional_NEHVI,1,6,0.0016280152543879688
ZDT3,Traditional_NEHVI,1,7,0.005923309221687224
ZDT3,Traditional_NEHVI,1,8,0.003661304035425639
ZDT3,Traditional_NEHVI,1,9,0.0023470207513990064
ZDT3,Traditional_NEHVI,10,0,0.00222218931324754
ZDT3,Traditional_NEHVI,10,1,0.0023180840723539516
ZDT3,Traditional_NEHVI,10,2,0.0019754012071743735
ZDT3,Traditional_NEHVI,10,3,0.0017852628054094816
ZDT3,Traditional_NEHVI,10,4,0.002308032039418157
ZDT3,Traditional_NEHVI,10,5,0.002484907409436554
ZDT3,Traditional_NEHVI,10,6,0.0033567879762140844
ZDT3,Traditional_NEHVI,10,7,0.005579359392368454
ZDT3,Traditional_NEHVI,10,8,0.0031490310236673077
ZDT3,Traditional_NEHVI,10,9,0.0022823514164548348
ZDT3,Traditional_NEHVI,0,0,0.003359388085827575
ZDT3,Traditional_NEHVI,0,1,0.001992910596421395
ZDT3,Traditional_NEHVI,0,2,0.0026629662059688085
ZDT3,Traditional_NEHVI,0,3,0.0018958766632007412
ZDT3,Traditional_NEHVI,0,4,0.002079077314094836
ZDT3,Traditional_NEHVI,0,5,0.002500171697677106
ZDT3,Traditional_NEHVI,0,6,0.003561025217505878
ZDT3,Traditional_NEHVI,0,7,0.0020934868873491853
ZDT3,Traditional_NEHVI,0,8,0.004027144987939709
ZDT3,Traditional_NEHVI,0,9,0.0022736615757634627
ZDT3,Traditional_NEHVI,20,0,0.0036436328183975133
ZDT3,Traditional_NEHVI,20,1,0.0015574546370479387
ZDT3,Traditional_NEHVI,20,2,0.002361668435893223
ZDT3,Traditional_NEHVI,20,3,0.00314475214906542
ZDT3,Traditional_NEHVI,20,4,0.0024110288176496064
ZDT3,Traditional_NEHVI,20,5,0.001912562835022568
ZDT3,Traditional_NEHVI,20,6,0.0024999740478789416
ZDT3,Traditional_NEHVI,20,7,0.0029281377693214854
ZDT3,Traditional_NEHVI,20,8,0.002156644192045863
ZDT3,Traditional_NEHVI,20,9,0.002173478711156456
ZDT3,EGBO,5,0,0.0023244571245741503
ZDT3,EGBO,5,1,0.0029266914245381667
ZDT3,EGBO,5,2,0.0028672734429668733
ZDT3,EGBO,5,3,0.002877768294087325
ZDT3,EGBO,5,4,0.0037366649590072883
ZDT3,EGBO,5,5,0.0030034397385200265
ZDT3,EGBO,5,6,0.0056344343285546486
ZDT3,EGBO,5,7,0.005016226805055261
ZDT3,EGBO,5,8,0.0026115110031231363
ZDT3,EGBO,5,9,0.001737879112350703
ZDT3,EGBO,1,0,0.0028772732464968846
ZDT3,EGBO,1,1,0.0027931112318891733
ZDT3,EGBO,1,2,0.0032847100992669637
ZDT3,EGBO,1,3,0.003131530856405043
ZDT3,EGBO,1,4,0.004647408064995824
ZDT3,EGBO,1,5,0.002800023729968945
ZDT3,EGBO,1,6,0.006697950861516148
ZDT3,EGBO,1,7,0.003848683129044318
ZDT3,EGBO,1,8,0.0035226887831925433
ZDT3,EGBO,1,9,0.0020651168020399077
ZDT3,EGBO,10,0,0.0021419192579822193
ZDT3,EGBO,10,1,0.002643395310656804
ZDT3,EGBO,10,2,0.003334038349043742
ZDT3,EGBO,10,3,0.002595545636590118
ZDT3,EGBO,10,4,0.0034986880464054457
ZDT3,EGBO,10,5,0.002776744698158658
ZDT3,EGBO,10,6,0.0027898762961315084
ZDT3,EGBO,10,7,0.0031176434317680716
ZDT3,EGBO,10,8,0.0024275180775768183
ZDT3,EGBO,10,9,0.0025752546944695347
ZDT3,EGBO,0,0,0.003635128961225812
ZDT3,EGBO,0,1,0.0034812922279923177
ZDT3,EGBO,0,2,0.0027694280839221674
ZDT3,EGBO,0,3,0.003984847423337797
ZDT3,EGBO,0,4,0.0038576433226482193
ZDT3,EGBO,0,5,0.003044334102765613
ZDT3,EGBO,0,6,0.005209299719281217
ZDT3,EGBO,0,7,0.0030009601825580676
ZDT3,EGBO,0,8,0.002628550149136961
ZDT3,EGBO,0,9,0.002279417851090365
ZDT3,EGBO,20,0,0.0018546028735063086
ZDT3,EGBO,20,1,0.0028315119578975236
ZDT3,EGBO,20,2,0.002841267056896416
ZDT3,EGBO,20,3,0.0026754636334576443
ZDT3,EGBO,20,4,0.004929912514025668
ZDT3,EGBO,20,5,0.0020321959340936406
ZDT3,EGBO,20,6,0.0033170344159444616
ZDT3,EGBO,20,7,0.0054364168265268065
ZDT3,EGBO,20,8,0.0030128174918612207
ZDT3,EGBO,20,9,0.0019526601591070552
ZDT3,NEHVI_SMS,5,0,0.00257358286976475
ZDT3,NEHVI_SMS,5,1,0.002939164888374838
ZDT3,NEHVI_SMS,5,2,0.0039001365598149403
ZDT3,NEHVI_SMS,5,3,0.0031600075498001874
ZDT3,NEHVI_SMS,5,4,0.002918880426137066
ZDT3,NEHVI_SMS,1,0,0.002548337112444025
ZDT3,NEHVI_SMS,1,1,0.003507619518363879
ZDT3,NEHVI_SMS,1,2,0.005267356004824624
ZDT3,NEHVI_SMS,1,3,0.0028095513072717944
ZDT3,NEHVI_SMS,1,4,0.0073265063638410744
ZDT3,NEHVI_SMS,10,0,0.0029771085446062954
ZDT3,NEHVI_SMS,10,1,0.003231117002896348
ZDT3,NEHVI_SMS,10,2,0.004033125146295476
ZDT3,NEHVI_SMS,10,3,0.00242692440263109
ZDT3,NEHVI_SMS,10,4,0.004105510309288971
ZDT3,NEHVI_SMS,0,0,0.0047242984536193695
ZDT3,NEHVI_SMS,0,1,0.003382703598670607
ZDT3,NEHVI_SMS,0,2,0.0031159750094319916
ZDT3,NEHVI_SMS,0,3,0.0032740110655090035
ZDT3,NEHVI_SMS,0,4,0.0053724240469285945
ZDT3,NEHVI_SMS,20,0,0.0023837418930306004
ZDT3,NEHVI_SMS,20,1,0.0035705638981818858
ZDT3,NEHVI_SMS,20,2,0.0028876138500491975
ZDT3,NEHVI_SMS,20,3,0.004709804646705051
ZDT3,NEHVI_SMS,20,4,0.0034087620903701633
ZDT3,NEHVI_AGE2,5,0,0.002295851365015858
ZDT3,NEHVI_AGE2,5,1,0.003268749676501063
ZDT3,NEHVI_AGE2,5,2,0.002334233208818186
ZDT3,NEHVI_AGE2,5,3,0.0023650235365311376
ZDT3,NEHVI_AGE2,5,4,0.003305179334159733
ZDT3,NEHVI_AGE2,1,0,0.0030627651716664947
ZDT3,NEHVI_AGE2,1,1,0.003084712186005248
ZDT3,NEHVI_AGE2,1,2,0.005311367053808599
ZDT3,NEHVI_AGE2,1,3,0.0029665498407023126
ZDT3,NEHVI_AGE2,1,4,0.003579758693024696
ZDT3,NEHVI_AGE2,10,0,0.0019976792901155345
ZDT3,NEHVI_AGE2,10,1,0.002823252861120307
ZDT3,NEHVI_AGE2,10,2,0.004910242455063468
ZDT3,NEHVI_AGE2,10,3,0.002513972819798666
ZDT3,NEHVI_AGE2,10,4,0.0024277708425444015
ZDT3,NEHVI_AGE2,0,0,0.0033505169169979424
ZDT3,NEHVI_AGE2,0,1,0.002990944895201223
ZDT3,NEHVI_AGE2,0,2,0.004831588232937432
ZDT3,NEHVI_AGE2,0,3,0.00633696202176903
ZDT3,NEHVI_AGE2,0,4,0.0035540860706860153
ZDT3,NEHVI_AGE2,20,0,0.002213654503409086
ZDT3,NEHVI_AGE2,20,1,0.0028452317280034324
ZDT3,NEHVI_AGE2,20,2,0.0026110206642028315
ZDT3,NEHVI_AGE2,20,3,0.003338989742863359
ZDT3,NEHVI_AGE2,20,4,0.003995846651037119
DTLZ2_5obj,Traditional_NEHVI,5,0,0.4355744783358182
DTLZ2_5obj,Traditional_NEHVI,5,1,0.44592804473351627
DTLZ2_5obj,Traditional_NEHVI,5,2,0.42412129438194746
DTLZ2_5obj,Traditional_NEHVI,5,3,0.4510729465972339
DTLZ2_5obj,Traditional_NEHVI,5,4,0.4428162996037448
DTLZ2_5obj,Traditional_NEHVI,5,5,0.4561959446190997
DTLZ2_5obj,Traditional_NEHVI,5,6,0.4463131671209828
DTLZ2_5obj,Traditional_NEHVI,5,7,0.4352776312938021
DTLZ2_5obj,Traditional_NEHVI,5,8,0.45667067781330706
DTLZ2_5obj,Traditional_NEHVI,5,9,0.4383691469609148
DTLZ2_5obj,Traditional_NEHVI,1,0,0.4355744783358182
DTLZ2_5obj,Traditional_NEHVI,1,1,0.44592804473351627
DTLZ2_5obj,Traditional_NEHVI,1,2,0.42412129438194746
DTLZ2_5obj,Traditional_NEHVI,1,3,0.4510729465972339
DTLZ2_5obj,Traditional_NEHVI,1,4,0.4428162996037448
DTLZ2_5obj,Traditional_NEHVI,1,5,0.4561959446190997
DTLZ2_5obj,Traditional_NEHVI,1,6,0.4463131671209828
DTLZ2_5obj,Traditional_NEHVI,1,7,0.4352776312938021
DTLZ2_5obj,Traditional_NEHVI,1,8,0.45667067781330706
DTLZ2_5obj,Traditional_NEHVI,1,9,0.4383691469609148
DTLZ2_5obj,Traditional_NEHVI,10,0,0.4355744783358182
DTLZ2_5obj,Traditional_NEHVI,10,1,0.44592804473351627
DTLZ2_5obj,Traditional_NEHVI,10,2,0.42412129438194746
DTLZ2_5obj,Traditional_NEHVI,10,3,0.4510729465972339
DTLZ2_5obj,Traditional_NEHVI,10,4,0.4428162996037448
DTLZ2_5obj,Traditional_NEHVI,10,5,0.4561959446190997
DTLZ2_5obj,Traditional_NEHVI,10,6,0.4463131671209828
DTLZ2_5obj,Traditional_NEHVI,10,7,0.4352776312938021
DTLZ2_5obj,Traditional_NEHVI,10,8,0.45667067781330706
DTLZ2_5obj,Traditional_NEHVI,10,9,0.4383691469609148
DTLZ2_5obj,Traditional_NEHVI,0,0,0.4355744783358182
DTLZ2_5obj,Traditional_NEHVI,0,1,0.44592804473351627
DTLZ2_5obj,Traditional_NEHVI,0,2,0.42412129438194746
DTLZ2_5obj,Traditional_NEHVI,0,3,0.4510729465972339
DTLZ2_5obj,Traditional_NEHVI,0,4,0.4428162996037448
DTLZ2_5obj,Traditional_NEHVI,0,5,0.4561959446190997
DTLZ2_5obj,Traditional_NEHVI,0,6,0.4463131671209828
DTLZ2_5obj,Traditional_NEHVI,0,7,0.4352776312938021
DTLZ2_5obj,Traditional_NEHVI,0,8,0.45667067781330706
DTLZ2_5obj,Traditional_NEHVI,0,9,0.4383691469609148
DTLZ2_5obj,Traditional_NEHVI,20,0,0.4355744783358182
DTLZ2_5obj,Traditional_NEHVI,20,1,0.44592804473351627
DTLZ2_5obj,Traditional_NEHVI,20,2,0.42412129438194746
DTLZ2_5obj,Traditional_NEHVI,20,3,0.4510729465972339
DTLZ2_5obj,Traditional_NEHVI,20,4,0.4428162996037448
DTLZ2_5obj,Traditional_NEHVI,20,5,0.4561959446190997
DTLZ2_5obj,Traditional_NEHVI,20,6,0.4463131671209828
DTLZ2_5obj,Traditional_NEHVI,20,7,0.4352776312938021
DTLZ2_5obj,Traditional_NEHVI,20,8,0.45667067781330706
DTLZ2_5obj,Traditional_NEHVI,20,9,0.4383691469609148
DTLZ2_5obj,EGBO,5,0,0.5336573975464128
DTLZ2_5obj,EGBO,5,1,0.509370984177837
DTLZ2_5obj,EGBO,5,2,0.4943898074458551
DTLZ2_5obj,EGBO,5,3,0.5522319094137188
DTLZ2_5obj,EGBO,5,4,0.5379416079100316
DTLZ2_5obj,EGBO,5,5,0.5607332069188724
DTLZ2_5obj,EGBO,5,6,0.4982922586836822
DTLZ2_5obj,EGBO,5,7,0.5120504357494022
DTLZ2_5obj,EGBO,5,8,0.5384735769072059
DTLZ2_5obj,EGBO,5,9,0.5244135544916916
DTLZ2_5obj,EGBO,1,0,0.5892054416881638
DTLZ2_5obj,EGBO,1,1,0.4914766954312879
DTLZ2_5obj,EGBO,1,2,0.5245325157254794
DTLZ2_5obj,EGBO,1,3,0.5786754199061549
DTLZ2_5obj,EGBO,1,4,0.4964561407368452
DTLZ2_5obj,EGBO,1,5,0.5122098364480894
DTLZ2_5obj,EGBO,1,6,0.5372962385432454
DTLZ2_5obj,EGBO,1,7,0.5257010400240142
DTLZ2_5obj,EGBO,1,8,0.5102192898951597
DTLZ2_5obj,EGBO,1,9,0.5410964636503175
DTLZ2_5obj,EGBO,10,0,0.4784320750859733
DTLZ2_5obj,EGBO,10,1,0.5216863245673169
DTLZ2_5obj,EGBO,10,2,0.5103737028982498
DTLZ2_5obj,EGBO,10,3,0.5095042462941872
DTLZ2_5obj,EGBO,10,4,0.5139722456087009
DTLZ2_5obj,EGBO,10,5,0.5296612844276913
DTLZ2_5obj,EGBO,10,6,0.5191584570080222
DTLZ2_5obj,EGBO,10,7,0.5063981471287513
DTLZ2_5obj,EGBO,10,8,0.5160416436627697
DTLZ2_5obj,EGBO,10,9,0.47105248579717895
DTLZ2_5obj,EGBO,0,0,0.5503612414826934
DTLZ2_5obj,EGBO,0,1,0.5203440623863883
DTLZ2_5obj,EGBO,0,2,0.497587238422801
DTLZ2_5obj,EGBO,0,3,0.5584521692356477
DTLZ2_5obj,EGBO,0,4,0.5101848757982116
DTLZ2_5obj,EGBO,0,5,0.505118335550923
DTLZ2_5obj,EGBO,0,6,0.5615752989548666
DTLZ2_5obj,EGBO,0,7,0.4905187263917423
DTLZ2_5obj,EGBO,0,8,0.5470314470498898
DTLZ2_5obj,EGBO,0,9,0.5244294557002622
DTLZ2_5obj,EGBO,20,0,0.5436883053995323
DTLZ2_5obj,EGBO,20,1,0.5129806262818108
DTLZ2_5obj,EGBO,20,2,0.4631643001876951
DTLZ2_5obj,EGBO,20,3,0.5331868261905861
DTLZ2_5obj,EGBO,20,4,0.5271397234423385
DTLZ2_5obj,EGBO,20,5,0.55640787404696
DTLZ2_5obj,EGBO,20,6,0.4889473527194347
DTLZ2_5obj,EGBO,20,7,0.507142851539763
DTLZ2_5obj,EGBO,20,8,0.4865520336344226
DTLZ2_5obj,EGBO,20,9,0.5134568491996944
DTLZ2_5obj,NEHVI_SMS,5,0,0.5150788465799819
DTLZ2_5obj,NEHVI_SMS,5,1,0.502911312535365
DTLZ2_5obj,NEHVI_SMS,5,2,0.4634245620063247
DTLZ2_5obj,NEHVI_SMS,5,3,0.5440154190397989
DTLZ2_5obj,NEHVI_SMS,5,4,0.4909396939573835
DTLZ2_5obj,NEHVI_SMS,1,0,0.5434813406034198
DTLZ2_5obj,NEHVI_SMS,1,1,0.5307504946233825
DTLZ2_5obj,NEHVI_SMS,1,2,0.525494009042687
DTLZ2_5obj,NEHVI_SMS,1,3,0.5319948149291492
DTLZ2_5obj,NEHVI_SMS,1,4,0.49463073550607056
DTLZ2_5obj,NEHVI_SMS,10,0,0.5308670245756604
DTLZ2_5obj,NEHVI_SMS,10,1,0.5110096482741017
DTLZ2_5obj,NEHVI_SMS,10,2,0.4707062634103709
DTLZ2_5obj,NEHVI_SMS,10,3,0.5112128909809457
DTLZ2_5obj,NEHVI_SMS,10,4,0.501590127543643
DTLZ2_5obj,NEHVI_SMS,0,0,0.5312022969744052
DTLZ2_5obj,NEHVI_SMS,0,1,0.5118873195512225
DTLZ2_5obj,NEHVI_SMS,0,2,0.5048020585535964
DTLZ2_5obj,NEHVI_SMS,0,3,0.49771951457930486
DTLZ2_5obj,NEHVI_SMS,0,4,0.5001957104922626
DTLZ2_5obj,NEHVI_SMS,20,0,0.5127510752427686
DTLZ2_5obj,NEHVI_SMS,20,1,0.5040235121958416
DTLZ2_5obj,NEHVI_SMS,20,2,0.49097830392290537
DTLZ2_5obj,NEHVI_SMS,20,3,0.5302324880213798
DTLZ2_5obj,NEHVI_SMS,20,4,0.5157216746543586
DTLZ2_5obj,NEHVI_AGE2,5,0,0.49844893849648275
DTLZ2_5obj,NEHVI_AGE2,5,1,0.5382254464484183
DTLZ2_5obj,NEHVI_AGE2,5,2,0.4992261332673055
DTLZ2_5obj,NEHVI_AGE2,5,3,0.5643853333301944
DTLZ2_5obj,NEHVI_AGE2,5,4,0.5405397768615796
DTLZ2_5obj,NEHVI_AGE2,1,0,0.4964114826216045
DTLZ2_5obj,NEHVI_AGE2,1,1,0.4982059272288738
DTLZ2_5obj,NEHVI_AGE2,1,2,0.500706144658385
DTLZ2_5obj,NEHVI_AGE2,1,3,0.5259488842686997
DTLZ2_5obj,NEHVI_AGE2,1,4,0.5075187032194488
DTLZ2_5obj,NEHVI_AGE2,10,0,0.5319151497056167
DTLZ2_5obj,NEHVI_AGE2,10,1,0.49432576566595643
DTLZ2_5obj,NEHVI_AGE2,10,2,0.468256747345042
DTLZ2_5obj,NEHVI_AGE2,10,3,0.5103563788728432
DTLZ2_5obj,NEHVI_AGE2,10,4,0.5379384130372166
DTLZ2_5obj,NEHVI_AGE2,0,0,0.5139534058870681
DTLZ2_5obj,NEHVI_AGE2,0,1,0.5145582458910183
DTLZ2_5obj,NEHVI_AGE2,0,2,0.49999082744225937
DTLZ2_5obj,NEHVI_AGE2,0,3,0.5608544143351702
DTLZ2_5obj,NEHVI_AGE2,0,4,0.5134473987892821
DTLZ2_5obj,NEHVI_AGE2,20,0,0.551768756664494
MW5,Traditional_NEHVI,5,0,0.9645690005328253
MW5,Traditional_NEHVI,5,1,1.3387897660827057
MW5,Traditional_NEHVI,5,2,0.9016249916133203
MW5,Traditional_NEHVI,5,3,1.759358510359665
MW5,Traditional_NEHVI,5,4,1.1806490998747072
MW5,Traditional_NEHVI,5,5,1.0875160404676454
MW5,Traditional_NEHVI,5,6,1.195069271538082
MW5,Traditional_NEHVI,5,7,1.8245609570292671
MW5,Traditional_NEHVI,5,8,0.9021957993268377
MW5,Traditional_NEHVI,5,9,1.7022175452349249
MW5,Traditional_NEHVI,1,0,1.0512835520190464
MW5,Traditional_NEHVI,1,1,1.2940789627575588
MW5,Traditional_NEHVI,1,2,1.2008885309412567
MW5,Traditional_NEHVI,1,3,1.1461942855086809
MW5,Traditional_NEHVI,1,4,1.4310736738963903
MW5,Traditional_NEHVI,1,5,1.301130482950321
MW5,Traditional_NEHVI,1,6,1.6645748389788573
MW5,Traditional_NEHVI,1,7,1.4967798232601532
MW5,Traditional_NEHVI,1,8,1.3637090977473498
MW5,Traditional_NEHVI,1,9,1.728687689435751
MW5,Traditional_NEHVI,10,0,0.990602990522031
MW5,Traditional_NEHVI,10,1,1.3551637863139878
MW5,Traditional_NEHVI,10,2,1.604397145962646
MW5,Traditional_NEHVI,10,3,1.3593702907032588
MW5,Traditional_NEHVI,10,4,1.0336861964908732
MW5,Traditional_NEHVI,10,5,1.4567480690512409
MW5,Traditional_NEHVI,10,6,1.5450601973967748
MW5,Traditional_NEHVI,10,7,1.0806415825475921
MW5,Traditional_NEHVI,10,8,1.662700792769263
MW5,Traditional_NEHVI,10,9,1.3483917608846487
MW5,Traditional_NEHVI,0,0,0.7876025485727731
MW5,Traditional_NEHVI,0,1,1.2961233698331092
MW5,Traditional_NEHVI,0,2,0.6755514298588952
MW5,Traditional_NEHVI,0,3,1.0667278830195608
MW5,Traditional_NEHVI,0,4,1.386688538112141
MW5,Traditional_NEHVI,0,5,1.3289182433868751
MW5,Traditional_NEHVI,0,6,1.204586933287264
MW5,Traditional_NEHVI,0,7,1.3619472023722539
MW5,Traditional_NEHVI,0,8,1.2723713782909358
MW5,Traditional_NEHVI,0,9,1.1144273046978592
MW5,Traditional_NEHVI,20,0,1.2896854203297488
MW5,Traditional_NEHVI,20,1,1.642988122182727
MW5,Traditional_NEHVI,20,2,1.0438115347037238
MW5,Traditional_NEHVI,20,3,1.4280715925773535
MW5,Traditional_NEHVI,20,4,1.249880987432942
MW5,Traditional_NEHVI,20,5,1.214540601359226
MW5,Traditional_NEHVI,20,6,2.014665840948541
MW5,Traditional_NEHVI,20,7,1.5799296378799583
MW5,Traditional_NEHVI,20,8,1.4734309445893357
MW5,Traditional_NEHVI,20,9,1.6010410712965748
MW5,EGBO,5,0,1.3896241789598125
MW5,EGBO,5,1,2.2944886171877834
MW5,EGBO,5,2,1.9979884063303341
MW5,EGBO,5,3,2.1757001677828613
MW5,EGBO,5,4,1.8027620860043123
MW5,EGBO,5,5,1.9918493667620947
MW5,EGBO,5,6,2.2515062904976633
MW5,EGBO,5,7,2.7832429367081404
MW5,EGBO,5,8,2.455972754173335
MW5,EGBO,5,9,1.8646950114257506
MW5,EGBO,1,0,1.3896241789598125
MW5,EGBO,1,1,2.2944886171877834
MW5,EGBO,1,2,1.9979884063303341
MW5,EGBO,1,3,2.1757001677828613
MW5,EGBO,1,4,1.8027620860043123
MW5,EGBO,1,5,1.9918493667620947
MW5,EGBO,1,6,2.2515062904976633
MW5,EGBO,1,7,2.7832429367081404
MW5,EGBO,1,8,2.455972754173335
MW5,EGBO,1,9,1.8646950114257506
MW5,EGBO,10,0,1.3896241789598125
MW5,EGBO,10,1,2.2944886171877834
MW5,EGBO,10,2,1.9979884063303341
MW5,EGBO,10,3,2.1757001677828613
MW5,EGBO,10,4,1.8027620860043123
MW5,EGBO,10,5,1.9918493667620947
MW5,EGBO,10,6,2.2515062904976633
MW5,EGBO,10,7,2.7832429367081404
MW5,EGBO,10,8,2.455972754173335
MW5,EGBO,10,9,1.8646950114257506
MW5,EGBO,0,0,1.3896241789598125
MW5,EGBO,0,1,2.2944886171877834
MW5,EGBO,0,2,1.9979884063303341
MW5,EGBO,0,3,2.1757001677828613
MW5,EGBO,0,4,1.8027620860043123
MW5,EGBO,0,5,1.9918493667620947
MW5,EGBO,0,6,2.2515062904976633
MW5,EGBO,0,7,2.7832429367081404
MW5,EGBO,0,8,2.455972754173335
MW5,EGBO,0,9,1.8646950114257506
MW5,EGBO,20,0,1.3896241789598125
MW5,EGBO,20,1,2.2944886171877834
MW5,EGBO,20,2,1.9979884063303341
MW5,EGBO,20,3,2.1757001677828613
MW5,EGBO,20,4,1.8027620860043123
MW5,EGBO,20,5,1.9918493667620947
MW5,EGBO,20,6,2.2515062904976633
MW5,EGBO,20,7,2.7832429367081404
MW5,EGBO,20,8,2.455972754173335
MW5,EGBO,20,9,1.8646950114257506
