problem,algorithm,noise_pct,trial,igd_auc,final_igd,n_batches
DTLZ2_5obj,EGBO,0,0,8.4037075682312,0.4949802065664244,12
DTLZ2_5obj,EGBO,0,1,7.824810966443751,0.4783287192425964,12
DTLZ2_5obj,EGBO,0,2,7.148930772893095,0.43890011611313007,12
DTLZ2_5obj,EGBO,0,3,7.823783191911492,0.5042525876839757,12
DTLZ2_5obj,EGBO,0,4,7.859248160820113,0.43726064415818366,12
DTLZ2_5obj,EGBO,0,5,8.277238633290173,0.4573015647455759,12
DTLZ2_5obj,EGBO,0,6,8.35054882857571,0.5096233450258784,12
DTLZ2_5obj,EGBO,0,7,7.114980165257589,0.41677621744618776,12
DTLZ2_5obj,EGBO,0,8,7.644450290810803,0.4785519131860422,12
DTLZ2_5obj,EGBO,0,9,7.9634160217762195,0.46906098044525896,12
DTLZ2_5obj,EGBO,1,0,9.081148479425162,0.5395895913038321,12
DTLZ2_5obj,EGBO,1,1,7.742058463584383,0.4596973189320637,12
DTLZ2_5obj,EGBO,1,2,8.261932227033409,0.4841317994769092,12
DTLZ2_5obj,EGBO,1,3,9.031522231995249,0.546396693812463,12
DTLZ2_5obj,EGBO,1,4,7.910739407436632,0.4477089796844071,12
DTLZ2_5obj,EGBO,1,5,7.743122742971384,0.46450414432437004,12
DTLZ2_5obj,EGBO,1,6,7.620580727257013,0.49451907081545654,12
DTLZ2_5obj,EGBO,1,7,7.6341715819232645,0.47110782749265834,12
DTLZ2_5obj,EGBO,1,8,7.606434319911606,0.44801373246184745,12
DTLZ2_5obj,EGBO,1,9,8.652998352678846,0.5151706579164796,12
DTLZ2_5obj,EGBO,5,0,9.13116004086027,0.5143978415442594,12
DTLZ2_5obj,EGBO,5,1,7.534812502849811,0.47026589036675315,12
DTLZ2_5obj,EGBO,5,2,7.589031785830816,0.45257141675939133,12
DTLZ2_5obj,EGBO,5,3,8.082218348349818,0.5244687848900631,12
DTLZ2_5obj,EGBO,5,4,7.5087277551231235,0.47985535947225755,12
DTLZ2_5obj,EGBO,5,5,7.918561298244896,0.5181622835022197,12
DTLZ2_5obj,EGBO,5,6,6.661746607796363,0.4641155526185365,12
DTLZ2_5obj,EGBO,5,7,7.140803342261149,0.47069808531343243,12
DTLZ2_5obj,EGBO,5,8,7.9947334853686245,0.48670776273787997,12
DTLZ2_5obj,EGBO,5,9,8.166868494268295,0.47453223175310566,12
DTLZ2_5obj,EGBO,10,0,8.171757828753996,0.4692705159817542,12
DTLZ2_5obj,EGBO,10,1,9.183786866307535,0.5001589863975692,12
DTLZ2_5obj,EGBO,10,2,7.420824013255504,0.4653478823302714,12
DTLZ2_5obj,EGBO,10,3,7.815979337816451,0.47526286269420526,12
DTLZ2_5obj,EGBO,10,4,8.276048753912926,0.4876790020963983,12
DTLZ2_5obj,EGBO,10,5,7.524321527457458,0.48951916330555784,12
DTLZ2_5obj,EGBO,10,6,7.026459972973824,0.48213858385870645,12
DTLZ2_5obj,EGBO,10,7,7.697540200244868,0.4719049105834432,12
DTLZ2_5obj,EGBO,10,8,7.527618653167707,0.48068906187430605,12
DTLZ2_5obj,EGBO,10,9,6.325226080264684,0.4462982651604054,12
DTLZ2_5obj,EGBO,20,0,6.769409117204804,0.54600292136054,12
DTLZ2_5obj,EGBO,20,1,6.704989852398778,0.48192398791676266,12
DTLZ2_5obj,EGBO,20,2,7.168159941773196,0.4583429554874621,12
DTLZ2_5obj,EGBO,20,3,8.474544992969715,0.5008522515621217,12
DTLZ2_5obj,EGBO,20,4,6.16354857915878,0.4888065774293208,12
DTLZ2_5obj,EGBO,20,5,8.937978448209499,0.5457012888104215,12
DTLZ2_5obj,EGBO,20,6,8.42277434178751,0.4675565936607343,12
DTLZ2_5obj,EGBO,20,7,6.929757396301636,0.47488552811104373,12
DTLZ2_5obj,EGBO,20,8,7.386681268489353,0.4674078225035878,12
DTLZ2_5obj,EGBO,20,9,8.874315066126869,0.48887682741457905,12
DTLZ2_5obj,NEHVI_AGE2,0,0,7.895340843362683,0.47185204469635816,12
DTLZ2_5obj,NEHVI_AGE2,0,1,8.03289364972257,0.4817534094900424,12
DTLZ2_5obj,NEHVI_AGE2,0,2,7.598479529205631,0.47337415723315623,12
DTLZ2_5obj,NEHVI_AGE2,0,3,8.46400292783254,0.5250199328650289,12
DTLZ2_5obj,NEHVI_AGE2,0,4,7.768282357573954,0.4605239647531936,12
DTLZ2_5obj,NEHVI_AGE2,1,0,7.628958056218908,0.4596491981292368,12
DTLZ2_5obj,NEHVI_AGE2,1,1,8.326191234493216,0.47188349435914617,12
DTLZ2_5obj,NEHVI_AGE2,1,2,7.646292245603767,0.46801196586731136,12
DTLZ2_5obj,NEHVI_AGE2,1,3,8.438929615938303,0.4967569628811862,12
DTLZ2_5obj,NEHVI_AGE2,1,4,7.573438725590631,0.46778412845282963,12
DTLZ2_5obj,NEHVI_AGE2,5,0,7.23076229245784,0.46877598833149237,12
DTLZ2_5obj,NEHVI_AGE2,5,1,8.820675051549577,0.5197401951095433,12
DTLZ2_5obj,NEHVI_AGE2,5,2,7.6991468377760635,0.47513260897964466,12
DTLZ2_5obj,NEHVI_AGE2,5,3,8.129227971413952,0.5372579014786479,12
DTLZ2_5obj,NEHVI_AGE2,5,4,8.411186780191553,0.4978385487593152,12
DTLZ2_5obj,NEHVI_AGE2,10,0,9.106955198492217,0.5193009661797703,12
DTLZ2_5obj,NEHVI_AGE2,10,1,8.157344678280884,0.4668238090852237,12
DTLZ2_5obj,NEHVI_AGE2,10,2,7.341159311245027,0.4435180746145161,12
DTLZ2_5obj,NEHVI_AGE2,10,3,7.906407072651444,0.4948263504352272,12
DTLZ2_5obj,NEHVI_AGE2,10,4,7.940319496289317,0.48896022244097337,12
DTLZ2_5obj,NEHVI_AGE2,20,0,7.8545973808866965,0.527009677883027,12
DTLZ2_5obj,NEHVI_SMS,0,0,8.000415632057834,0.48780253614260843,12
DTLZ2_5obj,NEHVI_SMS,0,1,7.566288965255729,0.4794642317227551,12
DTLZ2_5obj,NEHVI_SMS,0,2,7.170598104386231,0.45026185186877304,12
DTLZ2_5obj,NEHVI_SMS,0,3,8.28257122546434,0.4699059568506454,12
DTLZ2_5obj,NEHVI_SMS,0,4,8.375354396032554,0.46195776549027484,12
DTLZ2_5obj,NEHVI_SMS,1,0,8.58771335516067,0.5014427311876901,12
DTLZ2_5obj,NEHVI_SMS,1,1,8.723077149190129,0.5183924972211646,12
DTLZ2_5obj,NEHVI_SMS,1,2,7.833544759889733,0.48523823094794843,12
DTLZ2_5obj,NEHVI_SMS,1,3,8.884147275919,0.48954689217355685,12
DTLZ2_5obj,NEHVI_SMS,1,4,7.972977350775149,0.4397575935708399,12
DTLZ2_5obj,NEHVI_SMS,5,0,7.6164729737183885,0.4724074042865379,12
DTLZ2_5obj,NEHVI_SMS,5,1,8.430753757525073,0.47593074134470015,12
DTLZ2_5obj,NEHVI_SMS,5,2,7.764530117804167,0.4359703543564777,12
DTLZ2_5obj,NEHVI_SMS,5,3,8.019646244750207,0.53414379563634,12
DTLZ2_5obj,NEHVI_SMS,5,4,7.578642148562946,0.4906964350402367,12
DTLZ2_5obj,NEHVI_SMS,10,0,9.125613753781193,0.5372857785514535,12
DTLZ2_5obj,NEHVI_SMS,10,1,7.3678488615217255,0.49665895572202157,12
DTLZ2_5obj,NEHVI_SMS,10,2,6.63394607395505,0.43537817953807645,12
DTLZ2_5obj,NEHVI_SMS,10,3,8.03343293163139,0.5015840335228495,12
DTLZ2_5obj,NEHVI_SMS,10,4,7.5382202007343055,0.4766603839497583,12
DTLZ2_5obj,NEHVI_SMS,20,0,8.795998261831587,0.49021902796665184,12
DTLZ2_5obj,NEHVI_SMS,20,1,8.116285469720673,0.47377869327335936,12
DTLZ2_5obj,NEHVI_SMS,20,2,9.097756796528117,0.4665516305911855,12
DTLZ2_5obj,NEHVI_SMS,20,3,7.411715849945797,0.5005650687745605,12
DTLZ2_5obj,NEHVI_SMS,20,4,7.802938577920776,0.48641889167775143,12
DTLZ2_5obj,Traditional_NEHVI,0,0,6.566089170044796,0.44799054299020263,12
DTLZ2_5obj,Traditional_NEHVI,0,1,6.903969978643896,0.45073606904357516,12
DTLZ2_5obj,Traditional_NEHVI,0,2,7.96288370000073,0.43529373046907444,12
DTLZ2_5obj,Traditional_NEHVI,0,3,8.71950642166242,0.47599860458212856,12
DTLZ2_5obj,Traditional_NEHVI,0,4,7.053288435718535,0.449580188499629,12
DTLZ2_5obj,Traditional_NEHVI,0,5,7.676034294679871,0.4791930204315025,12
DTLZ2_5obj,Traditional_NEHVI,0,6,7.7071748586523725,0.4570275606352271,12
DTLZ2_5obj,Traditional_NEHVI,0,7,5.515717327743827,0.4492626975819728,12
DTLZ2_5obj,Traditional_NEHVI,0,8,8.29708356682334,0.47532803752990616,12
DTLZ2_5obj,Traditional_NEHVI,0,9,7.003641629270517,0.4309517663900414,12
DTLZ2_5obj,Traditional_NEHVI,1,0,6.566089170044796,0.44799054299020263,12
DTLZ2_5obj,Traditional_NEHVI,1,1,6.903969978643896,0.45073606904357516,12
DTLZ2_5obj,Traditional_NEHVI,1,2,7.96288370000073,0.43529373046907444,12
DTLZ2_5obj,Traditional_NEHVI,1,3,8.71950642166242,0.47599860458212856,12
DTLZ2_5obj,Traditional_NEHVI,1,4,7.053288435718535,0.449580188499629,12
DTLZ2_5obj,Traditional_NEHVI,1,5,7.676034294679871,0.4791930204315025,12
DTLZ2_5obj,Traditional_NEHVI,1,6,7.7071748586523725,0.4570275606352271,12
DTLZ2_5obj,Traditional_NEHVI,1,7,5.515717327743827,0.4492626975819728,12
DTLZ2_5obj,Traditional_NEHVI,1,8,8.29708356682334,0.47532803752990616,12
DTLZ2_5obj,Traditional_NEHVI,1,9,7.003641629270517,0.4309517663900414,12
DTLZ2_5obj,Traditional_NEHVI,5,0,6.566089170044796,0.44799054299020263,12
DTLZ2_5obj,Traditional_NEHVI,5,1,6.903969978643896,0.45073606904357516,12
DTLZ2_5obj,Traditional_NEHVI,5,2,7.96288370000073,0.43529373046907444,12
DTLZ2_5obj,Traditional_NEHVI,5,3,8.71950642166242,0.47599860458212856,12
DTLZ2_5obj,Traditional_NEHVI,5,4,7.053288435718535,0.449580188499629,12
DTLZ2_5obj,Traditional_NEHVI,5,5,7.676034294679871,0.4791930204315025,12
DTLZ2_5obj,Traditional_NEHVI,5,6,7.7071748586523725,0.4570275606352271,12
DTLZ2_5obj,Traditional_NEHVI,5,7,5.515717327743827,0.4492626975819728,12
DTLZ2_5obj,Traditional_NEHVI,5,8,8.29708356682334,0.47532803752990616,12
DTLZ2_5obj,Traditional_NEHVI,5,9,7.003641629270517,0.4309517663900414,12
DTLZ2_5obj,Traditional_NEHVI,10,0,6.566089170044796,0.44799054299020263,12
DTLZ2_5obj,Traditional_NEHVI,10,1,6.903969978643896,0.45073606904357516,12
DTLZ2_5obj,Traditional_NEHVI,10,2,7.96288370000073,0.43529373046907444,12
DTLZ2_5obj,Traditional_NEHVI,10,3,8.71950642166242,0.47599860458212856,12
DTLZ2_5obj,Traditional_NEHVI,10,4,7.053288435718535,0.449580188499629,12
DTLZ2_5obj,Traditional_NEHVI,10,5,7.676034294679871,0.4791930204315025,12
DTLZ2_5obj,Traditional_NEHVI,10,6,7.7071748586523725,0.4570275606352271,12
DTLZ2_5obj,Traditional_NEHVI,10,7,5.515717327743827,0.4492626975819728,12
DTLZ2_5obj,Traditional_NEHVI,10,8,8.29708356682334,0.47532803752990616,12
DTLZ2_5obj,Traditional_NEHVI,10,9,7.003641629270517,0.4309517663900414,12
DTLZ2_5obj,Traditional_NEHVI,20,0,6.566089170044796,0.44799054299020263,12
DTLZ2_5obj,Traditional_NEHVI,20,1,6.903969978643896,0.45073606904357516,12
DTLZ2_5obj,Traditional_NEHVI,20,2,7.96288370000073,0.43529373046907444,12
DTLZ2_5obj,Traditional_NEHVI,20,3,8.71950642166242,0.47599860458212856,12
DTLZ2_5obj,Traditional_NEHVI,20,4,7.053288435718535,0.449580188499629,12
DTLZ2_5obj,Traditional_NEHVI,20,5,7.676034294679871,0.4791930204315025,12
DTLZ2_5obj,Traditional_NEHVI,20,6,7.7071748586523725,0.4570275606352271,12
DTLZ2_5obj,Traditional_NEHVI,20,7,5.515717327743827,0.4492626975819728,12
DTLZ2_5obj,Traditional_NEHVI,20,8,8.29708356682334,0.47532803752990616,12
DTLZ2_5obj,Traditional_NEHVI,20,9,7.003641629270517,0.4309517663900414,12
MW5,EGBO,0,0,0.0,0.0,12
MW5,EGBO,0,1,240.12242262194133,16.031348092271585,12
MW5,EGBO,0,2,259.9769615377887,21.670633332470487,12
MW5,EGBO,0,3,337.8677341746041,25.037283095900797,12
MW5,EGBO,0,4,433.0127962945725,22.714425723203888,12
MW5,EGBO,0,5,265.5071755549332,14.159967472150347,12
MW5,EGBO,0,6,309.8883231104961,24.485879762016477,12
MW5,EGBO,0,7,424.89245872452403,29.59409080892562,12
MW5,EGBO,0,8,284.8844116580512,18.154573601269476,12
MW5,EGBO,0,9,302.3450013157806,21.3646541821957,12
MW5,EGBO,1,0,0.0,0.0,12
MW5,EGBO,1,1,227.8281218531961,16.031348092271585,12
MW5,EGBO,1,2,270.4798917514483,21.670633332470487,12
MW5,EGBO,1,3,354.67992586271254,25.037283095900797,12
MW5,EGBO,1,4,285.2395132198956,22.714425723203888,12
MW5,EGBO,1,5,190.84210169087964,14.159967472150347,12
MW5,EGBO,1,6,336.67061511957235,24.485879762016477,12
MW5,EGBO,1,7,377.6894440371899,29.59409080892562,12
MW5,EGBO,1,8,281.47550409581623,18.154573601269476,12
MW5,EGBO,1,9,298.52473373657676,21.3646541821957,12
MW5,EGBO,5,0,0.0,0.0,12
MW5,EGBO,5,1,211.91294035172777,16.031348092271585,12
MW5,EGBO,5,2,295.140211447292,21.670633332470487,12
MW5,EGBO,5,3,383.0671195266795,25.037283095900797,12
MW5,EGBO,5,4,297.6108950581874,22.714425723203888,12
MW5,EGBO,5,5,191.02493675367035,14.159967472150347,12
MW5,EGBO,5,6,347.41571059725936,24.485879762016477,12
MW5,EGBO,5,7,441.26105258475803,29.59409080892562,12
MW5,EGBO,5,8,268.9108262819806,18.154573601269476,12
MW5,EGBO,5,9,314.67951941882336,21.3646541821957,12
MW5,EGBO,10,0,0.0,0.0,12
MW5,EGBO,10,1,228.4555329397804,16.031348092271585,12
MW5,EGBO,10,2,283.1134012846246,21.670633332470487,12
MW5,EGBO,10,3,369.50679026377895,25.037283095900797,12
MW5,EGBO,10,4,375.5185439319013,22.714425723203888,12
MW5,EGBO,10,5,172.8376516020502,14.159967472150347,12
MW5,EGBO,10,6,309.0091764598523,24.485879762016477,12
MW5,EGBO,10,7,439.00921080194183,29.59409080892562,12
MW5,EGBO,10,8,280.2896897239292,18.154573601269476,12
MW5,EGBO,10,9,322.8105870998662,21.3646541821957,12
MW5,EGBO,20,0,0.0,0.0,12
MW5,EGBO,20,1,240.47310095427866,16.031348092271585,12
MW5,EGBO,20,2,279.16186609187264,21.670633332470487,12
MW5,EGBO,20,3,322.0241648563691,25.037283095900797,12
MW5,EGBO,20,4,395.28135589849467,22.714425723203888,12
MW5,EGBO,20,5,192.63095821536,14.159967472150347,12
MW5,EGBO,20,6,359.1418541409639,24.485879762016477,12
MW5,EGBO,20,7,390.83510098588505,29.59409080892562,12
MW5,EGBO,20,8,275.9667579657125,18.154573601269476,12
MW5,EGBO,20,9,296.6115426997745,21.3646541821957,12
MW5,Traditional_NEHVI,0,0,115.29608761855307,7.951454318520902,12
MW5,Traditional_NEHVI,0,1,74.14325330216867,4.588609219847099,12
MW5,Traditional_NEHVI,0,2,198.92345839226653,13.209863314921822,12
MW5,Traditional_NEHVI,0,3,31.70271280533344,1.8913598735687809,12
MW5,Traditional_NEHVI,0,4,49.77752547378739,3.401106719016221,12
MW5,Traditional_NEHVI,0,5,35.832141393648946,2.479290959644578,10
MW5,Traditional_NEHVI,0,6,112.46037077178265,7.882918065670593,12
MW5,Traditional_NEHVI,0,7,27.07595255699713,2.2929863211387307,12
MW5,Traditional_NEHVI,0,8,82.82156373159134,4.097418008395623,12
MW5,Traditional_NEHVI,0,9,46.86647136675567,2.6816625954960003,12
MW5,Traditional_NEHVI,1,0,76.27873604546494,6.790440852938282,12
MW5,Traditional_NEHVI,1,1,27.495781842038088,1.6360956196059997,10
MW5,Traditional_NEHVI,1,2,135.23682570042558,9.94380611337894,12
MW5,Traditional_NEHVI,1,3,73.0701082497575,5.914978565565885,12
MW5,Traditional_NEHVI,1,4,277.6506843327744,20.061511704656972,12
MW5,Traditional_NEHVI,1,5,129.58925051405114,8.230766713875845,12
MW5,Traditional_NEHVI,1,6,19.6793382134224,2.316121995481162,12
MW5,Traditional_NEHVI,1,7,35.48823127890417,2.6412002860588597,12
MW5,Traditional_NEHVI,1,8,30.88975040194744,4.097418008397096,12
MW5,Traditional_NEHVI,1,9,92.77591599485679,7.558885726460391,12
MW5,Traditional_NEHVI,5,0,13.768139977043038,1.2270347218820687,12
MW5,Traditional_NEHVI,5,1,109.19043568832788,13.49153341353885,12
MW5,Traditional_NEHVI,5,2,139.33334924145694,9.768640073059819,12
MW5,Traditional_NEHVI,5,3,189.53997316138327,12.18806955355996,12
MW5,Traditional_NEHVI,5,4,59.30356310148034,5.156831574041769,12
MW5,Traditional_NEHVI,5,5,31.37702530025958,2.390064926447713,11
MW5,Traditional_NEHVI,5,6,42.122735827522895,4.365807627918005,12
MW5,Traditional_NEHVI,5,7,26.38841752588166,1.7173554212366133,12
MW5,Traditional_NEHVI,5,8,60.05560171301413,4.097418008371225,12
MW5,Traditional_NEHVI,5,9,85.2262257177234,6.469149472477426,12
MW5,Traditional_NEHVI,10,0,26.80851102213422,1.2469074894015917,12
MW5,Traditional_NEHVI,10,1,153.03261403408237,12.378748518175863,12
MW5,Traditional_NEHVI,10,2,247.4022963268563,18.544645736572146,12
MW5,Traditional_NEHVI,10,3,30.1782160279595,2.743474184359955,12
MW5,Traditional_NEHVI,10,4,17.019464217316184,1.5062441716526482,12
MW5,Traditional_NEHVI,10,5,447.95642060992054,28.300511929197526,12
MW5,Traditional_NEHVI,10,6,134.57301030089593,7.419198832662355,12
MW5,Traditional_NEHVI,10,7,197.99613018925982,10.153647702013323,12
MW5,Traditional_NEHVI,10,8,14.942562492346779,2.1193961823280003,12
MW5,Traditional_NEHVI,10,9,209.33638441937364,11.282960036006692,12
MW5,Traditional_NEHVI,20,0,260.22053954577655,15.038019454157165,12
MW5,Traditional_NEHVI,20,1,128.5383303486194,7.790201839310266,12
MW5,Traditional_NEHVI,20,2,75.69865816273655,6.881696196612414,12
MW5,Traditional_NEHVI,20,3,165.2383736059071,14.368554226600615,12
MW5,Traditional_NEHVI,20,4,60.92029039358633,4.868196549092856,12
MW5,Traditional_NEHVI,20,5,79.08344360287201,4.534982140539515,12
MW5,Traditional_NEHVI,20,6,240.40598285504197,18.174045965726204,12
MW5,Traditional_NEHVI,20,7,271.9400871760661,16.28279877956464,12
MW5,Traditional_NEHVI,20,8,199.70030961396424,18.154573601269476,12
MW5,Traditional_NEHVI,20,9,36.07800175185382,1.955331955621351,12
ZDT2,EGBO,0,0,17.38175048941141,1.0221624676768306,12
ZDT2,EGBO,0,1,20.670021518287925,1.3901412829368585,12
ZDT2,EGBO,0,2,6.079397157189781,0.4447503804582957,12
ZDT2,EGBO,0,3,9.447318957071658,0.8134786068711779,12
ZDT2,EGBO,0,4,6.207506041369871,0.5003915431164131,12
ZDT2,EGBO,0,5,16.020640630985195,1.1382859788667248,12
ZDT2,EGBO,0,6,7.520816894092917,0.47153148876243967,12
ZDT2,EGBO,0,7,12.007360350230664,0.8578911426733801,12
ZDT2,EGBO,0,8,4.005011163474064,0.34419459840797334,12
ZDT2,EGBO,0,9,19.971975050564218,1.478365003026015,12
ZDT2,EGBO,1,0,6.767352786354676,0.5712020715562441,12
ZDT2,EGBO,1,1,20.007262346529636,1.3901412829368585,12
ZDT2,EGBO,1,2,6.401382927034371,0.5115225764823168,12
ZDT2,EGBO,1,3,11.429177682139043,0.86029240715042,12
ZDT2,EGBO,1,4,6.8028294303485906,0.5520536657139875,12
ZDT2,EGBO,1,5,15.72336756473489,1.1382859788667248,12
ZDT2,EGBO,1,6,5.517844343627779,0.46925703208413055,12
ZDT2,EGBO,1,7,10.218685513777213,0.8405526557163446,12
ZDT2,EGBO,1,8,4.635893640908984,0.39876754226386907,12
ZDT2,EGBO,1,9,10.49973977725751,0.7890839805290979,12
ZDT2,EGBO,5,0,8.365748325944649,0.5693962243435576,12
ZDT2,EGBO,5,1,14.581896707445082,0.8767047961347291,12
ZDT2,EGBO,5,2,5.565705717375075,0.480908967837694,12
ZDT2,EGBO,5,3,8.341593577037761,0.7177831702332508,12
ZDT2,EGBO,5,4,12.237826602894575,0.9530449501913208,12
ZDT2,EGBO,5,5,6.335019652034135,0.5308150941341582,12
ZDT2,EGBO,5,6,5.6345036380140865,0.43794573777977075,12
ZDT2,EGBO,5,7,11.792871586530778,0.8620242379151749,12
ZDT2,EGBO,5,8,3.71510704071301,0.3147934800113295,12
ZDT2,EGBO,5,9,8.567875193874913,0.6495885357097487,12
ZDT2,EGBO,10,0,8.511475254559157,0.6810552895999348,12
ZDT2,EGBO,10,1,8.311285807861221,0.666783813222905,12
ZDT2,EGBO,10,2,9.398095874760061,0.694763776517034,12
ZDT2,EGBO,10,3,9.553626723132261,0.8243634791652734,12
ZDT2,EGBO,10,4,8.819346419783704,0.7056916003359701,12
ZDT2,EGBO,10,5,7.109179337107644,0.5061668125351829,12
ZDT2,EGBO,10,6,14.748811372386557,1.1371012932422846,12
ZDT2,EGBO,10,7,10.540468681705255,0.8776164415882429,12
ZDT2,EGBO,10,8,12.222016007318,0.9518058935716455,12
ZDT2,EGBO,10,9,7.673215182954176,0.5674502356034118,12
ZDT2,EGBO,20,0,8.060813126954805,0.6448215271132813,12
ZDT2,EGBO,20,1,13.741068395662852,1.065743314982474,12
ZDT2,EGBO,20,2,9.553984880529544,0.716732193086912,12
ZDT2,EGBO,20,3,16.03316934087085,0.9987643841156164,12
ZDT2,EGBO,20,4,7.39630753394966,0.5435179494108935,12
ZDT2,EGBO,20,5,9.58567735829067,0.7032862830831449,12
ZDT2,EGBO,20,6,9.494111519330735,0.642788740711909,12
ZDT2,EGBO,20,7,15.341850530903569,1.0976841368110888,12
ZDT2,EGBO,20,8,8.66734745114277,0.6958662871115141,12
ZDT2,EGBO,20,9,14.987137587247046,0.9622924001855859,12
ZDT2,NEHVI_AGE2,0,0,16.18285228671089,1.0221624676768306,12
ZDT2,NEHVI_AGE2,0,1,15.557159500816475,1.2215657856017714,12
ZDT2,NEHVI_AGE2,0,2,6.197566885003282,0.4447503804582957,12
ZDT2,NEHVI_AGE2,0,3,9.62896753657494,0.8237655580851669,12
ZDT2,NEHVI_AGE2,0,4,6.2100010857573915,0.5003915431164131,12
ZDT2,NEHVI_AGE2,1,0,7.918163110988022,0.6633217265565775,12
ZDT2,NEHVI_AGE2,1,1,12.53928515174458,0.8359638452187904,12
ZDT2,NEHVI_AGE2,1,2,6.420799002604198,0.5115225764823168,12
ZDT2,NEHVI_AGE2,1,3,10.618641459153864,0.8149423086102497,12
ZDT2,NEHVI_AGE2,1,4,6.695423722348284,0.5520536657139875,12
ZDT2,NEHVI_AGE2,5,0,8.739173530169156,0.5693962243435576,12
ZDT2,NEHVI_AGE2,5,1,9.945498195824822,0.6767395631809102,12
ZDT2,NEHVI_AGE2,5,2,5.587398294328671,0.480908967837694,12
ZDT2,NEHVI_AGE2,5,3,8.579196133216882,0.7251937216778102,12
ZDT2,NEHVI_AGE2,5,4,12.916752486503707,0.9948412997208858,12
ZDT2,NEHVI_AGE2,10,0,9.173660935312617,0.6930219766624904,12
ZDT2,NEHVI_AGE2,10,1,16.03774635338524,1.323423085817906,12
ZDT2,NEHVI_AGE2,10,2,9.367114985235514,0.694763776517034,12
ZDT2,NEHVI_AGE2,10,3,10.778102003992455,0.929995655056144,12
ZDT2,NEHVI_AGE2,10,4,9.464515257342324,0.7939298497731772,12
ZDT2,NEHVI_AGE2,20,0,9.082095011677165,0.6783234693566716,12
ZDT2,NEHVI_AGE2,20,1,11.01472606196592,0.8651265238981407,12
ZDT2,NEHVI_AGE2,20,2,6.991202207283106,0.5779455721922482,12
ZDT2,NEHVI_AGE2,20,3,10.408745199766406,0.8462222353466279,12
ZDT2,NEHVI_AGE2,20,4,8.328459194518752,0.6471727999565786,12
ZDT2,NEHVI_SMS,0,0,13.113425573977048,0.6833322144771807,12
ZDT2,NEHVI_SMS,0,1,19.589720157779624,1.3901412829368585,12
ZDT2,NEHVI_SMS,0,2,5.304186512459225,0.4447503804582957,12
ZDT2,NEHVI_SMS,0,3,11.038893980322474,0.8138975444284231,12
ZDT2,NEHVI_SMS,0,4,6.202182174569427,0.5003915431164131,12
ZDT2,NEHVI_SMS,1,0,8.06716309119882,0.6633217265565775,12
ZDT2,NEHVI_SMS,1,1,19.07642097514141,1.3901412829368585,12
ZDT2,NEHVI_SMS,1,2,6.339071308650455,0.5115225764823168,12
ZDT2,NEHVI_SMS,1,3,11.083829547903717,0.8160248271817859,12
ZDT2,NEHVI_SMS,1,4,7.252625664854927,0.5392008011639141,12
ZDT2,NEHVI_SMS,5,0,8.512358590067324,0.5693962243435576,12
ZDT2,NEHVI_SMS,5,1,15.779526279289124,1.3172156102519454,12
ZDT2,NEHVI_SMS,5,2,5.9524355848673896,0.480908967837694,12
ZDT2,NEHVI_SMS,5,3,9.023749407730303,0.7759921827989384,12
ZDT2,NEHVI_SMS,5,4,8.876445437870972,0.5872846583008547,12
ZDT2,NEHVI_SMS,10,0,8.362114932269728,0.6480769185602565,12
ZDT2,NEHVI_SMS,10,1,17.303737981446318,1.3570329888497628,12
ZDT2,NEHVI_SMS,10,2,9.413793744727013,0.694763776517034,12
ZDT2,NEHVI_SMS,10,3,9.574991768894158,0.8034678397686134,12
ZDT2,NEHVI_SMS,10,4,5.487944470898057,0.4392415961845773,12
ZDT2,NEHVI_SMS,20,0,7.525217313714672,0.604373598443112,12
ZDT2,NEHVI_SMS,20,1,15.995417264472685,1.2084580346980809,12
ZDT2,NEHVI_SMS,20,2,5.918348502885092,0.49109188267989035,12
ZDT2,NEHVI_SMS,20,3,11.235900348063266,0.8992139087876129,12
ZDT2,NEHVI_SMS,20,4,10.274970470460824,0.8049589938346559,12
ZDT2,Traditional_NEHVI,0,0,10.76362557272377,0.5006337475685475,12
ZDT2,Traditional_NEHVI,0,1,15.621059747663239,0.8938749345649983,12
ZDT2,Traditional_NEHVI,0,2,29.967287146955456,1.9333733643197069,12
ZDT2,Traditional_NEHVI,0,3,6.032036662317221,0.5483669693015655,12
ZDT2,Traditional_NEHVI,0,4,20.694812258617084,1.254231045976793,12
ZDT2,Traditional_NEHVI,0,5,17.235362925428696,1.4987272109068432,12
ZDT2,Traditional_NEHVI,0,6,19.242036752171977,0.9867711154959989,12
ZDT2,Traditional_NEHVI,0,7,11.973655686598795,1.0411874510085908,12
ZDT2,Traditional_NEHVI,0,8,8.280195493938148,0.7200169994728824,12
ZDT2,Traditional_NEHVI,0,9,28.13018590570848,1.5623325946130007,12
ZDT2,Traditional_NEHVI,1,0,13.680154957445415,1.2436504506768558,12
ZDT2,Traditional_NEHVI,1,1,28.726772869683646,1.4672568677294158,12
ZDT2,Traditional_NEHVI,1,2,22.412370447371714,2.0374882224883373,12
ZDT2,Traditional_NEHVI,1,3,13.694214361397856,0.7022674031486079,12
ZDT2,Traditional_NEHVI,1,4,22.59863231233522,1.3607571187509002,12
ZDT2,Traditional_NEHVI,1,5,12.753407642234201,1.0889833414267138,12
ZDT2,Traditional_NEHVI,1,6,21.14699709916372,1.3419135476566182,12
ZDT2,Traditional_NEHVI,1,7,15.459254011986474,1.1287684907818458,12
ZDT2,Traditional_NEHVI,1,8,15.898809256524359,0.9085033860871061,12
ZDT2,Traditional_NEHVI,1,9,21.548370000850763,1.3902174194097265,12
ZDT2,Traditional_NEHVI,5,0,20.18117097788619,1.388081262968805,12
ZDT2,Traditional_NEHVI,5,1,11.05572540071381,0.9597637284060715,12
ZDT2,Traditional_NEHVI,5,2,18.018062844373816,0.9969143225203008,12
ZDT2,Traditional_NEHVI,5,3,6.000820881960301,0.5455291710873001,12
ZDT2,Traditional_NEHVI,5,4,15.247178378788126,1.312653756873638,12
ZDT2,Traditional_NEHVI,5,5,13.604468044956658,1.0883574435965329,12
ZDT2,Traditional_NEHVI,5,6,11.76582392206702,0.7116791733022538,12
ZDT2,Traditional_NEHVI,5,7,12.874080186544795,1.0030480266075734,12
ZDT2,Traditional_NEHVI,5,8,3.488594260115366,0.2758781204322819,12
ZDT2,Traditional_NEHVI,5,9,16.450717359048305,1.4217964553326123,12
ZDT2,Traditional_NEHVI,10,0,7.05217027566172,0.5450143138437723,12
ZDT2,Traditional_NEHVI,10,1,10.864631565741973,0.9447505709340845,12
ZDT2,Traditional_NEHVI,10,2,19.346153099950598,1.0946943560981424,12
ZDT2,Traditional_NEHVI,10,3,8.79994931250627,0.7632661977695318,12
ZDT2,Traditional_NEHVI,10,4,11.674541154425706,0.9161871283752115,12
ZDT2,Traditional_NEHVI,10,5,10.574090018472017,0.7158876974971021,12
ZDT2,Traditional_NEHVI,10,6,14.072453832480589,1.152631020425056,12
ZDT2,Traditional_NEHVI,10,7,18.42848064500942,1.3578346286024847,12
ZDT2,Traditional_NEHVI,10,8,16.744192061490814,0.9640934434237981,12
ZDT2,Traditional_NEHVI,10,9,15.672282391750736,1.3529906733636836,12
ZDT2,Traditional_NEHVI,20,0,11.871522576080594,0.9772723278848917,12
ZDT2,Traditional_NEHVI,20,1,16.119245690876497,1.258760823341031,12
ZDT2,Traditional_NEHVI,20,2,16.338980660066042,1.3333810514794247,12
ZDT2,Traditional_NEHVI,20,3,14.52399496855374,1.1527812764253187,12
ZDT2,Traditional_NEHVI,20,4,10.646731665658264,0.7826737240238529,12
ZDT2,Traditional_NEHVI,20,5,14.300204373468281,0.8945316664296653,12
ZDT2,Traditional_NEHVI,20,6,19.220689862842814,1.18694278601583,12
ZDT2,Traditional_NEHVI,20,7,13.903370450136764,1.0004401122730244,12
ZDT2,Traditional_NEHVI,20,8,12.196806101375891,0.9143987798005428,12
ZDT2,Traditional_NEHVI,20,9,9.825932584753417,0.7643728061966228,12
ZDT3,EGBO,0,0,0.10214052258738981,0.00672672776986089,12
ZDT3,EGBO,0,1,0.16564823666872242,0.009390810078044825,12
ZDT3,EGBO,0,2,0.059911445845734476,0.003924109112009653,12
ZDT3,EGBO,0,3,0.11478412421900319,0.008480384004040524,12
ZDT3,EGBO,0,4,0.12571900953851417,0.008600891902903826,12
ZDT3,EGBO,0,5,0.10988637608208074,0.006557751333382869,12
ZDT3,EGBO,0,6,0.11301143793957003,0.008141857020031984,12
ZDT3,EGBO,0,7,0.11286235977622709,0.007392226673149827,12
ZDT3,EGBO,0,8,0.04319675753598579,0.0037029436324482546,12
ZDT3,EGBO,0,9,0.08341868009149077,0.004826823150807083,12
ZDT3,EGBO,1,0,0.08773895678893141,0.004784009414379546,12
ZDT3,EGBO,1,1,0.12308523142279072,0.00764799784922685,12
ZDT3,EGBO,1,2,0.09362422621321723,0.006327570246235733,12
ZDT3,EGBO,1,3,0.1284534586697449,0.008832294733493057,12
ZDT3,EGBO,1,4,0.1366598286703313,0.008630613458730549,12
ZDT3,EGBO,1,5,0.08441813538772952,0.006730901790716271,12
ZDT3,EGBO,1,6,0.1822543157932225,0.012233566682824595,12
ZDT3,EGBO,1,7,0.12045754634037514,0.006962261251451901,12
ZDT3,EGBO,1,8,0.09636416607185495,0.006973004712809806,12
ZDT3,EGBO,1,9,0.07093387447983207,0.00450894724368695,12
ZDT3,EGBO,5,0,0.06396816580592726,0.005224437885307406,12
ZDT3,EGBO,5,1,0.10686694696707642,0.006149673192832148,12
ZDT3,EGBO,5,2,0.10510725774208021,0.007409276681220475,12
ZDT3,EGBO,5,3,0.11233315558091951,0.00859466994181994,12
ZDT3,EGBO,5,4,0.14028204927508753,0.007653949044612377,12
ZDT3,EGBO,5,5,0.08702298148796558,0.005581082101629333,12
ZDT3,EGBO,5,6,0.1499818201882921,0.010036823873469505,12
ZDT3,EGBO,5,7,0.13267907867013515,0.007923035955449622,12
ZDT3,EGBO,5,8,0.06482148797144346,0.0038859582450362197,12
ZDT3,EGBO,5,9,0.06333966948477462,0.004059836787086568,12
ZDT3,EGBO,10,0,0.08235273437217053,0.005516352906472787,12
ZDT3,EGBO,10,1,0.10821680391565398,0.006183081871344692,12
ZDT3,EGBO,10,2,0.06986443435739931,0.004748559985978205,12
ZDT3,EGBO,10,3,0.11554405309251006,0.006972548003355573,12
ZDT3,EGBO,10,4,0.0990827031932931,0.007046359865704819,12
ZDT3,EGBO,10,5,0.08226009939159769,0.005389913192514546,12
ZDT3,EGBO,10,6,0.12850971983801304,0.007259684123979237,12
ZDT3,EGBO,10,7,0.08392284938012558,0.005566394888695384,12
ZDT3,EGBO,10,8,0.04950565944667885,0.0030977880025872717,12
ZDT3,EGBO,10,9,0.07172202718800667,0.005083062079200469,12
ZDT3,EGBO,20,0,0.04571762834465324,0.0032648603246927424,12
ZDT3,EGBO,20,1,0.08388333273167452,0.004837933344813583,12
ZDT3,EGBO,20,2,0.09610981029550537,0.007168309254606744,12
ZDT3,EGBO,20,3,0.14356451916466498,0.007338705726827607,12
ZDT3,EGBO,20,4,0.10923650951425452,0.007000506031597789,12
ZDT3,EGBO,20,5,0.12557062411996894,0.006867038380570836,12
ZDT3,EGBO,20,6,0.1290160948696204,0.007953270291801038,12
ZDT3,EGBO,20,7,0.12071669144407768,0.008412270840529387,12
ZDT3,EGBO,20,8,0.06797893319418684,0.0040446184578039335,12
ZDT3,EGBO,20,9,0.05444922396142178,0.0033936700059045612,12
ZDT3,NEHVI_AGE2,0,0,0.08413322461318345,0.0051039866270761805,12
ZDT3,NEHVI_AGE2,0,1,0.19818205507017989,0.012949024787911875,12
ZDT3,NEHVI_AGE2,0,2,0.12515698564709882,0.007819736500086268,12
ZDT3,NEHVI_AGE2,0,3,0.24964158885408624,0.02039469861611916,12
ZDT3,NEHVI_AGE2,0,4,0.10693518233317714,0.006735743147415945,12
ZDT3,NEHVI_AGE2,1,0,0.09214453337244778,0.005841297830386117,12
ZDT3,NEHVI_AGE2,1,1,0.13630845018164733,0.008398187026191913,12
ZDT3,NEHVI_AGE2,1,2,0.19690832890250923,0.010769613494263598,12
ZDT3,NEHVI_AGE2,1,3,0.12055591288336423,0.007355125009695097,12
ZDT3,NEHVI_AGE2,1,4,0.09418442214920403,0.005617407137709745,12
ZDT3,NEHVI_AGE2,5,0,0.10151435494353314,0.006356506152554229,12
ZDT3,NEHVI_AGE2,5,1,0.11839532199605546,0.007478072296071633,12
ZDT3,NEHVI_AGE2,5,2,0.07313748711205077,0.005036868344839699,12
ZDT3,NEHVI_AGE2,5,3,0.08489034976953766,0.006443136876388856,12
ZDT3,NEHVI_AGE2,5,4,0.12066689532761041,0.0071786192867210295,12
ZDT3,NEHVI_AGE2,10,0,0.0946508780095986,0.005204714223381839,12
ZDT3,NEHVI_AGE2,10,1,0.13510337017746235,0.007789672942332324,12
ZDT3,NEHVI_AGE2,10,2,0.11974646181981866,0.006730584656989712,12
ZDT3,NEHVI_AGE2,10,3,0.10915089969891427,0.007829375624919045,12
ZDT3,NEHVI_AGE2,10,4,0.05557239100620388,0.003645450034698947,12
ZDT3,NEHVI_AGE2,20,0,0.06416590703035878,0.0036371856019757616,12
ZDT3,NEHVI_AGE2,20,1,0.17889728524867074,0.009158975095617725,12
ZDT3,NEHVI_AGE2,20,2,0.11714719629380978,0.008562780224983146,12
ZDT3,NEHVI_AGE2,20,3,0.14402731358066564,0.007303697899778749,12
ZDT3,NEHVI_AGE2,20,4,0.13765622257805435,0.007627827427168354,12
ZDT3,NEHVI_SMS,0,0,0.12226782477379122,0.008075514148367978,12
ZDT3,NEHVI_SMS,0,1,0.11669173741404731,0.009398298485511406,12
ZDT3,NEHVI_SMS,0,2,0.11581150085076451,0.008551570003493115,12
ZDT3,NEHVI_SMS,0,3,0.11655140777086209,0.00898331219611039,12
ZDT3,NEHVI_SMS,0,4,0.13018367770129488,0.008610135508248932,12
ZDT3,NEHVI_SMS,1,0,0.050061219493030606,0.003980547591861606,12
ZDT3,NEHVI_SMS,1,1,0.1669220543586109,0.009727843552027734,12
ZDT3,NEHVI_SMS,1,2,0.10829459790483072,0.007542454518984328,12
ZDT3,NEHVI_SMS,1,3,0.11210564588295412,0.007269251803718769,12
ZDT3,NEHVI_SMS,1,4,0.16472984945428415,0.011358699096884103,12
ZDT3,NEHVI_SMS,5,0,0.06521081236171056,0.00456973402684112,12
ZDT3,NEHVI_SMS,5,1,0.11355749409834835,0.006056182760101869,12
ZDT3,NEHVI_SMS,5,2,0.12271407865252866,0.008489489036720546,12
ZDT3,NEHVI_SMS,5,3,0.10437441217400875,0.0070478337686662295,12
ZDT3,NEHVI_SMS,5,4,0.12217753269677543,0.006980636374418513,12
ZDT3,NEHVI_SMS,10,0,0.08957399575075875,0.005831501863522936,12
ZDT3,NEHVI_SMS,10,1,0.12810784963186994,0.008265245183552834,12
ZDT3,NEHVI_SMS,10,2,0.08481846803555546,0.005665971906375977,12
ZDT3,NEHVI_SMS,10,3,0.07414193658188926,0.005108901985745041,12
ZDT3,NEHVI_SMS,10,4,0.07518571102266859,0.005496241870850894,12
ZDT3,NEHVI_SMS,20,0,0.057691075832670004,0.0039026264040793184,12
ZDT3,NEHVI_SMS,20,1,0.12390493680754494,0.008456162956341098,12
ZDT3,NEHVI_SMS,20,2,0.09131784238681964,0.00574627050190818,12
ZDT3,NEHVI_SMS,20,3,0.196358204388597,0.011685513450021242,12
ZDT3,NEHVI_SMS,20,4,0.09286272579322213,0.006732241454694514,12
ZDT3,Traditional_NEHVI,0,0,0.12595961484680485,0.010682433027169976,12
ZDT3,Traditional_NEHVI,0,1,0.0498239700538868,0.004283446565300877,12
ZDT3,Traditional_NEHVI,0,2,0.06519394311777464,0.005178851386976731,12
ZDT3,Traditional_NEHVI,0,3,0.05696185463127752,0.00312188286954245,12
ZDT3,Traditional_NEHVI,0,4,0.07566683402866431,0.004701277571381978,12
ZDT3,Traditional_NEHVI,0,5,0.05321028154224299,0.0038718877293300235,12
ZDT3,Traditional_NEHVI,0,6,0.1139559603718514,0.006742961056350608,12
ZDT3,Traditional_NEHVI,0,7,0.052697684304631204,0.0043567873301097425,12
ZDT3,Traditional_NEHVI,0,8,0.08864347633230907,0.005750553895213641,12
ZDT3,Traditional_NEHVI,0,9,0.04520082702808947,0.003084653967842851,12
ZDT3,Traditional_NEHVI,1,0,0.0889877710448558,0.005242904086693195,12
ZDT3,Traditional_NEHVI,1,1,0.0484883766771437,0.003147455938481172,12
ZDT3,Traditional_NEHVI,1,2,0.04535911664240513,0.003254138501195616,12
ZDT3,Traditional_NEHVI,1,3,0.03618461206224581,0.0024048310292870767,12
ZDT3,Traditional_NEHVI,1,4,0.05599582501782955,0.0037735258444310314,12
ZDT3,Traditional_NEHVI,1,5,0.052284473485039375,0.003351580663316135,12
ZDT3,Traditional_NEHVI,1,6,0.045200449305378775,0.0027806772370422292,12
ZDT3,Traditional_NEHVI,1,7,0.29907297550464035,0.018242577867121745,12
ZDT3,Traditional_NEHVI,1,8,0.06598423756780182,0.004965638022601931,12
ZDT3,Traditional_NEHVI,1,9,0.07270350390959247,0.00473480155650766,12
ZDT3,Traditional_NEHVI,5,0,0.04905626819851908,0.003917031999354649,12
ZDT3,Traditional_NEHVI,5,1,0.10241922448753979,0.00773265475752209,12
ZDT3,Traditional_NEHVI,5,2,0.051337308709528746,0.0038487545338488816,12
ZDT3,Traditional_NEHVI,5,3,0.09385238073384085,0.006388784398902397,12
ZDT3,Traditional_NEHVI,5,4,0.11296674808027939,0.005533037126888017,12
ZDT3,Traditional_NEHVI,5,5,0.1628866095175145,0.012988530637367456,12
ZDT3,Traditional_NEHVI,5,6,0.05504588046215672,0.0032855317721565054,12
ZDT3,Traditional_NEHVI,5,7,0.21217446478397423,0.014631702822540822,12
ZDT3,Traditional_NEHVI,5,8,0.09242078943244501,0.0065494314381771635,12
ZDT3,Traditional_NEHVI,5,9,0.04670968644318661,0.0030772396909591053,12
ZDT3,Traditional_NEHVI,10,0,0.040520295369201674,0.0034413811381732696,12
ZDT3,Traditional_NEHVI,10,1,0.06904482030508234,0.003994767602178964,12
ZDT3,Traditional_NEHVI,10,2,0.046075069474727545,0.003398643477609933,12
ZDT3,Traditional_NEHVI,10,3,0.04076517581500022,0.0026356983566657227,12
ZDT3,Traditional_NEHVI,10,4,0.05249609393774974,0.003310810817832708,12
ZDT3,Traditional_NEHVI,10,5,0.07224860832478346,0.003586142757800511,12
ZDT3,Traditional_NEHVI,10,6,0.06496802348177762,0.004351106049520128,12
ZDT3,Traditional_NEHVI,10,7,0.14265495323993457,0.008965172937679358,12
ZDT3,Traditional_NEHVI,10,8,0.06935284446294021,0.004192372963214159,12
ZDT3,Traditional_NEHVI,10,9,0.05492286952465893,0.0035315750601359708,12
ZDT3,Traditional_NEHVI,20,0,0.07378842162154778,0.004650602748351982,12
ZDT3,Traditional_NEHVI,20,1,0.052299013340609546,0.00272007401194281,12
ZDT3,Traditional_NEHVI,20,2,0.04323602182380876,0.0035881356270406834,12
ZDT3,Traditional_NEHVI,20,3,0.10803637010605223,0.0064444410072959785,12
ZDT3,Traditional_NEHVI,20,4,0.07611810918806852,0.003738458014733281,12
ZDT3,Traditional_NEHVI,20,5,0.07919458992146347,0.004227397569854946,12
ZDT3,Traditional_NEHVI,20,6,0.07179009842480849,0.004082725253557423,12
ZDT3,Traditional_NEHVI,20,7,0.06130298491676706,0.004181055482978019,12
ZDT3,Traditional_NEHVI,20,8,0.05506424375118291,0.0032185566671035773,12
ZDT3,Traditional_NEHVI,20,9,0.046779880995661396,0.0030551787339243575,12
